CountryName,CountryCode,Year,Total Population,Urban population (% of total)
Arab World,ARB,1960,92495902.0,31.285384211605397
Caribbean small states,CSS,1960,4190810.0,31.5974898513652
Central Europe and the Baltics,CEB,1960,91401583.0,44.5079211390026
East Asia & Pacific (all income levels),EAS,1960,1042475394.0,22.471132204295397
East Asia & Pacific (developing only),EAP,1960,896492991.0,16.917678848089302
Euro area,EMU,1960,265396501.0,62.096946901677505
Europe & Central Asia (all income levels),ECS,1960,667489033.0,55.378977445327905
Europe & Central Asia (developing only),ECA,1960,155317369.0,38.0661286852531
European Union,EUU,1960,409498462.0,61.212897757742994